use Final;
insert into Class (Class_ID, Course_Number, Term, Section_Number, C_Description) values (1, 'JTM116', 'Sp20', '005', 'Graspus graspus');
insert into Class (Class_ID, Course_Number, Term, Section_Number, C_Description) values (2, 'XOP487', 'Fa20', '007', 'Gazella granti');
insert into Class (Class_ID, Course_Number, Term, Section_Number, C_Description) values (3, 'GLG247', 'Fa20', '006', 'Chelodina longicollis');
insert into Class (Class_ID, Course_Number, Term, Section_Number, C_Description) values (4, 'CTH551', 'Sp20', '005', 'Bison bison');
insert into Class (Class_ID, Course_Number, Term, Section_Number, C_Description) values (5, 'LVN264', 'Fa20', '005', 'Lepus arcticus');
insert into Class (Class_ID, Course_Number, Term, Section_Number, C_Description) values (6, 'XCM545', 'Sp20', '008', 'Crotalus adamanteus');
insert into Class (Class_ID, Course_Number, Term, Section_Number, C_Description) values (7, 'GFZ441', 'Fa20', '001', 'Phalacrocorax carbo');
insert into Class (Class_ID, Course_Number, Term, Section_Number, C_Description) values (8, 'GGB678', 'Fa20', '003', 'Paraxerus cepapi');
insert into Class (Class_ID, Course_Number, Term, Section_Number, C_Description) values (9, 'FFZ016', 'Fa20', '001', 'Tyto novaehollandiae');
insert into Class (Class_ID, Course_Number, Term, Section_Number, C_Description) values (10, 'VEU144', 'Sp20', '001', 'Leptoptilos crumeniferus');
insert into Class (Class_ID, Course_Number, Term, Section_Number, C_Description) values (11, 'SVX163', 'Fa20', '002', 'Uraeginthus granatina');
insert into Class (Class_ID, Course_Number, Term, Section_Number, C_Description) values (12, 'VCB355', 'Fa20', '009', 'Ovis dalli stonei');
insert into Class (Class_ID, Course_Number, Term, Section_Number, C_Description) values (13, 'AAB518', 'Sp20', '002', 'Francolinus coqui');
insert into Class (Class_ID, Course_Number, Term, Section_Number, C_Description) values (14, 'XFF785', 'Fa20', '000', 'Cervus elaphus');
insert into Class (Class_ID, Course_Number, Term, Section_Number, C_Description) values (15, 'ZIF184', 'Fa20', '009', 'Anthropoides paradisea');
insert into Class (Class_ID, Course_Number, Term, Section_Number, C_Description) values (16, 'HEO092', 'Sp20', '001', 'Dendrocitta vagabunda');
insert into Class (Class_ID, Course_Number, Term, Section_Number, C_Description) values (17, 'MOK484', 'Sp20', '004', 'Tamiasciurus hudsonicus');
insert into Class (Class_ID, Course_Number, Term, Section_Number, C_Description) values (18, 'BDT397', 'Sp20', '004', 'Corvus brachyrhynchos');
insert into Class (Class_ID, Course_Number, Term, Section_Number, C_Description) values (19, 'NMG396', 'Fa20', '008', 'Francolinus leucoscepus');
insert into Class (Class_ID, Course_Number, Term, Section_Number, C_Description) values (20, 'NQQ382', 'Fa20', '005', 'Phalacrocorax carbo');
insert into Students (Student_ID, S_FName, S_LName, Username) values (1, 'Vale', 'Cowie', 'vcowie0');
insert into Students (Student_ID, S_FName, S_LName, Username) values (2, 'Vernon', 'Ludman', 'vludman1');
insert into Students (Student_ID, S_FName, S_LName, Username) values (3, 'Patsy', 'Guillotin', 'pguillotin2');
insert into Students (Student_ID, S_FName, S_LName, Username) values (4, 'Delinda', 'Calverd', 'dcalverd3');
insert into Students (Student_ID, S_FName, S_LName, Username) values (5, 'Olenka', 'Noseworthy', 'onoseworthy4');
insert into Students (Student_ID, S_FName, S_LName, Username) values (6, 'Thacher', 'Wharrier', 'twharrier5');
insert into Students (Student_ID, S_FName, S_LName, Username) values (7, 'Kimberly', 'Applewhaite', 'kapplewhaite6');
insert into Students (Student_ID, S_FName, S_LName, Username) values (8, 'Temp', 'Crutchfield', 'tcrutchfield7');
insert into Students (Student_ID, S_FName, S_LName, Username) values (9, 'Drucy', 'Edgerton', 'dedgerton8');
insert into Students (Student_ID, S_FName, S_LName, Username) values (10, 'Kenny', 'Blaxton', 'kblaxton9');
insert into Students (Student_ID, S_FName, S_LName, Username) values (11, 'Therese', 'Antyshev', 'tantysheva');
insert into Students (Student_ID, S_FName, S_LName, Username) values (12, 'Carlita', 'McGookin', 'cmcgookinb');
insert into Students (Student_ID, S_FName, S_LName, Username) values (13, 'Eleanore', 'Gater', 'egaterc');
insert into Students (Student_ID, S_FName, S_LName, Username) values (14, 'De', 'Guidera', 'dguiderad');
insert into Students (Student_ID, S_FName, S_LName, Username) values (15, 'Hillery', 'Giblett', 'hgiblette');
insert into Students (Student_ID, S_FName, S_LName, Username) values (16, 'Beatrix', 'Weir', 'bweirf');
insert into Students (Student_ID, S_FName, S_LName, Username) values (17, 'Janeva', 'Byatt', 'jbyattg');
insert into Students (Student_ID, S_FName, S_LName, Username) values (18, 'Jaquelyn', 'Stanex', 'jstanexh');
insert into Students (Student_ID, S_FName, S_LName, Username) values (19, 'Golda', 'Cavanagh', 'gcavanaghi');
insert into Students (Student_ID, S_FName, S_LName, Username) values (20, 'Inger', 'Hirche', 'ihirchej');
insert into Students (Student_ID, S_FName, S_LName, Username) values (21, 'Clotilda', 'Hedylstone', 'chedylstonek');
insert into Students (Student_ID, S_FName, S_LName, Username) values (22, 'Flynn', 'Grichukhanov', 'fgrichukhanovl');
insert into Students (Student_ID, S_FName, S_LName, Username) values (23, 'Kris', 'Gianotti', 'kgianottim');
insert into Students (Student_ID, S_FName, S_LName, Username) values (24, 'Esdras', 'Gitthouse', 'egitthousen');
insert into Students (Student_ID, S_FName, S_LName, Username) values (25, 'Virge', 'Madine', 'vmadineo');
insert into Students (Student_ID, S_FName, S_LName, Username) values (26, 'Avrit', 'McClurg', 'amcclurgp');
insert into Students (Student_ID, S_FName, S_LName, Username) values (27, 'Daniela', 'Littlejohns', 'dlittlejohnsq');
insert into Students (Student_ID, S_FName, S_LName, Username) values (28, 'Fidela', 'Meekins', 'fmeekinsr');
insert into Students (Student_ID, S_FName, S_LName, Username) values (29, 'Donal', 'Marsy', 'dmarsys');
insert into Students (Student_ID, S_FName, S_LName, Username) values (30, 'Steffi', 'Merrikin', 'smerrikint');
insert into Students (Student_ID, S_FName, S_LName, Username) values (31, 'Clifford', 'Bogeys', 'cbogeysu');
insert into Students (Student_ID, S_FName, S_LName, Username) values (32, 'Gabi', 'Mila', 'gmilav');
insert into Students (Student_ID, S_FName, S_LName, Username) values (33, 'Sylas', 'Order', 'sorderw');
insert into Students (Student_ID, S_FName, S_LName, Username) values (34, 'Buffy', 'Benne', 'bbennex');
insert into Students (Student_ID, S_FName, S_LName, Username) values (35, 'Basilius', 'Giraudeau', 'bgiraudeauy');
insert into Students (Student_ID, S_FName, S_LName, Username) values (36, 'Caryl', 'Stabbins', 'cstabbinsz');
insert into Students (Student_ID, S_FName, S_LName, Username) values (37, 'Marwin', 'Raden', 'mraden10');
insert into Students (Student_ID, S_FName, S_LName, Username) values (38, 'Peta', 'Fortune', 'pfortune11');
insert into Students (Student_ID, S_FName, S_LName, Username) values (39, 'Zebulon', 'Neem', 'zneem12');
insert into Students (Student_ID, S_FName, S_LName, Username) values (40, 'Johnathon', 'Skerm', 'jskerm13');
insert into Students (Student_ID, S_FName, S_LName, Username) values (41, 'Audy', 'Tailby', 'atailby14');
insert into Students (Student_ID, S_FName, S_LName, Username) values (42, 'Garfield', 'Oldam', 'goldam15');
insert into Students (Student_ID, S_FName, S_LName, Username) values (43, 'Marleah', 'Leggitt', 'mleggitt16');
insert into Students (Student_ID, S_FName, S_LName, Username) values (44, 'Emory', 'Forseith', 'eforseith17');
insert into Students (Student_ID, S_FName, S_LName, Username) values (45, 'Helli', 'McKendry', 'hmckendry18');
insert into Students (Student_ID, S_FName, S_LName, Username) values (46, 'Ivett', 'Burras', 'iburras19');
insert into Students (Student_ID, S_FName, S_LName, Username) values (47, 'Lucienne', 'Gavey', 'lgavey1a');
insert into Students (Student_ID, S_FName, S_LName, Username) values (48, 'Fred', 'Chasles', 'fchasles1b');
insert into Students (Student_ID, S_FName, S_LName, Username) values (49, 'Keely', 'Priestland', 'kpriestland1c');
insert into Students (Student_ID, S_FName, S_LName, Username) values (50, 'Mike', 'Lockyer', 'mlockyer1d');
insert into Students (Student_ID, S_FName, S_LName, Username) values (51, 'Suzette', 'Jenik', 'sjenik1e');
insert into Students (Student_ID, S_FName, S_LName, Username) values (52, 'Aigneis', 'Schubuser', 'aschubuser1f');
insert into Students (Student_ID, S_FName, S_LName, Username) values (53, 'Christos', 'Benner', 'cbenner1g');
insert into Students (Student_ID, S_FName, S_LName, Username) values (54, 'Lotte', 'Fairhead', 'lfairhead1h');
insert into Students (Student_ID, S_FName, S_LName, Username) values (55, 'Elwira', 'Jakoubek', 'ejakoubek1i');
insert into Students (Student_ID, S_FName, S_LName, Username) values (56, 'Costa', 'Mantrip', 'cmantrip1j');
insert into Students (Student_ID, S_FName, S_LName, Username) values (57, 'Levey', 'Sandiland', 'lsandiland1k');
insert into Students (Student_ID, S_FName, S_LName, Username) values (58, 'Alan', 'Glassford', 'aglassford1l');
insert into Students (Student_ID, S_FName, S_LName, Username) values (59, 'Farlee', 'Furber', 'ffurber1m');
insert into Students (Student_ID, S_FName, S_LName, Username) values (60, 'Ferne', 'Collop', 'fcollop1n');
insert into Students (Student_ID, S_FName, S_LName, Username) values (61, 'Flinn', 'Cawcutt', 'fcawcutt1o');
insert into Students (Student_ID, S_FName, S_LName, Username) values (62, 'Melantha', 'Corrigan', 'mcorrigan1p');
insert into Students (Student_ID, S_FName, S_LName, Username) values (63, 'Yorgos', 'Penley', 'ypenley1q');
insert into Students (Student_ID, S_FName, S_LName, Username) values (64, 'Cesya', 'Paviour', 'cpaviour1r');
insert into Students (Student_ID, S_FName, S_LName, Username) values (65, 'Chris', 'Hulbert', 'chulbert1s');
insert into Students (Student_ID, S_FName, S_LName, Username) values (66, 'Wendel', 'Camsey', 'wcamsey1t');
insert into Students (Student_ID, S_FName, S_LName, Username) values (67, 'Belia', 'Fragino', 'bfragino1u');
insert into Students (Student_ID, S_FName, S_LName, Username) values (68, 'Terrye', 'Wassung', 'twassung1v');
insert into Students (Student_ID, S_FName, S_LName, Username) values (69, 'Veronique', 'Ludford', 'vludford1w');
insert into Students (Student_ID, S_FName, S_LName, Username) values (70, 'Emmalee', 'Dyers', 'edyers1x');
insert into Students (Student_ID, S_FName, S_LName, Username) values (71, 'Melvin', 'Jirousek', 'mjirousek1y');
insert into Students (Student_ID, S_FName, S_LName, Username) values (72, 'Elizabeth', 'Egentan', 'eegentan1z');
insert into Students (Student_ID, S_FName, S_LName, Username) values (73, 'Mari', 'Bouskill', 'mbouskill20');
insert into Students (Student_ID, S_FName, S_LName, Username) values (74, 'Emilia', 'Sudddard', 'esudddard21');
insert into Students (Student_ID, S_FName, S_LName, Username) values (75, 'Flinn', 'Doog', 'fdoog22');
insert into Students (Student_ID, S_FName, S_LName, Username) values (76, 'Pansie', 'Tirone', 'ptirone23');
insert into Students (Student_ID, S_FName, S_LName, Username) values (77, 'Margie', 'Swains', 'mswains24');
insert into Students (Student_ID, S_FName, S_LName, Username) values (78, 'Clare', 'Hunday', 'chunday25');
insert into Students (Student_ID, S_FName, S_LName, Username) values (79, 'Roda', 'Scamel', 'rscamel26');
insert into Students (Student_ID, S_FName, S_LName, Username) values (80, 'Kale', 'Boner', 'kboner27');
insert into Students (Student_ID, S_FName, S_LName, Username) values (81, 'Sullivan', 'Simononsky', 'ssimononsky28');
insert into Students (Student_ID, S_FName, S_LName, Username) values (82, 'Vassily', 'Knill', 'vknill29');
insert into Students (Student_ID, S_FName, S_LName, Username) values (83, 'Duffie', 'Shemilt', 'dshemilt2a');
insert into Students (Student_ID, S_FName, S_LName, Username) values (84, 'Toinette', 'Linsley', 'tlinsley2b');
insert into Students (Student_ID, S_FName, S_LName, Username) values (85, 'Derek', 'Philipsohn', 'dphilipsohn2c');
insert into Students (Student_ID, S_FName, S_LName, Username) values (86, 'Jacynth', 'Cooley', 'jcooley2d');
insert into Students (Student_ID, S_FName, S_LName, Username) values (87, 'Vivienne', 'McTrustie', 'vmctrustie2e');
insert into Students (Student_ID, S_FName, S_LName, Username) values (88, 'Kiley', 'Blackhurst', 'kblackhurst2f');
insert into Students (Student_ID, S_FName, S_LName, Username) values (89, 'Hamlin', 'Issacoff', 'hissacoff2g');
insert into Students (Student_ID, S_FName, S_LName, Username) values (90, 'Germaine', 'De Cleen', 'gdecleen2h');
insert into Students (Student_ID, S_FName, S_LName, Username) values (91, 'Ivonne', 'Bowe', 'ibowe2i');
insert into Students (Student_ID, S_FName, S_LName, Username) values (92, 'Lyssa', 'Diglin', 'ldiglin2j');
insert into Students (Student_ID, S_FName, S_LName, Username) values (93, 'Anthia', 'Sellors', 'asellors2k');
insert into Students (Student_ID, S_FName, S_LName, Username) values (94, 'Miran', 'Pilbeam', 'mpilbeam2l');
insert into Students (Student_ID, S_FName, S_LName, Username) values (95, 'Annabelle', 'Kintzel', 'akintzel2m');
insert into Students (Student_ID, S_FName, S_LName, Username) values (96, 'Parry', 'Bellham', 'pbellham2n');
insert into Students (Student_ID, S_FName, S_LName, Username) values (97, 'See', 'Lambarton', 'slambarton2o');
insert into Students (Student_ID, S_FName, S_LName, Username) values (98, 'Farrand', 'McGillicuddy', 'fmcgillicuddy2p');
insert into Students (Student_ID, S_FName, S_LName, Username) values (99, 'Stephani', 'Beaman', 'sbeaman2q');
insert into Students (Student_ID, S_FName, S_LName, Username) values (100, 'Jermaine', 'Gadie', 'jgadie2r');
insert into Enrolled (Enrolled_ID, Class_ID, Student_ID) values (1, 5, 78);
insert into Enrolled (Enrolled_ID, Class_ID, Student_ID) values (2, 6, 55);
insert into Enrolled (Enrolled_ID, Class_ID, Student_ID) values (3, 19, 57);
insert into Enrolled (Enrolled_ID, Class_ID, Student_ID) values (4, 8, 27);
insert into Enrolled (Enrolled_ID, Class_ID, Student_ID) values (5, 12, 24);
insert into Enrolled (Enrolled_ID, Class_ID, Student_ID) values (6, 1, 4);
insert into Enrolled (Enrolled_ID, Class_ID, Student_ID) values (7, 20, 69);
insert into Enrolled (Enrolled_ID, Class_ID, Student_ID) values (8, 7, 76);
insert into Enrolled (Enrolled_ID, Class_ID, Student_ID) values (9, 6, 2);
insert into Enrolled (Enrolled_ID, Class_ID, Student_ID) values (10, 13, 48);
insert into Enrolled (Enrolled_ID, Class_ID, Student_ID) values (11, 6, 53);
insert into Enrolled (Enrolled_ID, Class_ID, Student_ID) values (12, 6, 41);
insert into Enrolled (Enrolled_ID, Class_ID, Student_ID) values (13, 2, 20);
insert into Enrolled (Enrolled_ID, Class_ID, Student_ID) values (14, 2, 6);
insert into Enrolled (Enrolled_ID, Class_ID, Student_ID) values (15, 14, 44);
insert into Enrolled (Enrolled_ID, Class_ID, Student_ID) values (16, 15, 97);
insert into Enrolled (Enrolled_ID, Class_ID, Student_ID) values (17, 20, 5);
insert into Enrolled (Enrolled_ID, Class_ID, Student_ID) values (18, 10, 77);
insert into Enrolled (Enrolled_ID, Class_ID, Student_ID) values (19, 16, 4);
insert into Enrolled (Enrolled_ID, Class_ID, Student_ID) values (20, 3, 15);
insert into Enrolled (Enrolled_ID, Class_ID, Student_ID) values (21, 16, 49);
insert into Enrolled (Enrolled_ID, Class_ID, Student_ID) values (22, 10, 78);
insert into Enrolled (Enrolled_ID, Class_ID, Student_ID) values (23, 4, 91);
insert into Enrolled (Enrolled_ID, Class_ID, Student_ID) values (24, 11, 81);
insert into Enrolled (Enrolled_ID, Class_ID, Student_ID) values (25, 4, 97);
insert into Enrolled (Enrolled_ID, Class_ID, Student_ID) values (26, 4, 32);
insert into Enrolled (Enrolled_ID, Class_ID, Student_ID) values (27, 20, 57);
insert into Enrolled (Enrolled_ID, Class_ID, Student_ID) values (28, 6, 7);
insert into Enrolled (Enrolled_ID, Class_ID, Student_ID) values (29, 20, 42);
insert into Enrolled (Enrolled_ID, Class_ID, Student_ID) values (30, 12, 35);
insert into Enrolled (Enrolled_ID, Class_ID, Student_ID) values (31, 17, 36);
insert into Enrolled (Enrolled_ID, Class_ID, Student_ID) values (32, 3, 33);
insert into Enrolled (Enrolled_ID, Class_ID, Student_ID) values (33, 9, 82);
insert into Enrolled (Enrolled_ID, Class_ID, Student_ID) values (34, 7, 2);
insert into Enrolled (Enrolled_ID, Class_ID, Student_ID) values (35, 12, 78);
insert into Enrolled (Enrolled_ID, Class_ID, Student_ID) values (36, 6, 56);
insert into Enrolled (Enrolled_ID, Class_ID, Student_ID) values (37, 4, 40);
insert into Enrolled (Enrolled_ID, Class_ID, Student_ID) values (38, 12, 86);
insert into Enrolled (Enrolled_ID, Class_ID, Student_ID) values (39, 17, 87);
insert into Enrolled (Enrolled_ID, Class_ID, Student_ID) values (40, 12, 91);
insert into Enrolled (Enrolled_ID, Class_ID, Student_ID) values (41, 14, 90);
insert into Enrolled (Enrolled_ID, Class_ID, Student_ID) values (42, 17, 17);
insert into Enrolled (Enrolled_ID, Class_ID, Student_ID) values (43, 19, 68);
insert into Enrolled (Enrolled_ID, Class_ID, Student_ID) values (44, 2, 33);
insert into Enrolled (Enrolled_ID, Class_ID, Student_ID) values (45, 3, 47);
insert into Enrolled (Enrolled_ID, Class_ID, Student_ID) values (46, 12, 33);
insert into Enrolled (Enrolled_ID, Class_ID, Student_ID) values (47, 9, 8);
insert into Enrolled (Enrolled_ID, Class_ID, Student_ID) values (48, 6, 71);
insert into Enrolled (Enrolled_ID, Class_ID, Student_ID) values (49, 18, 92);
insert into Enrolled (Enrolled_ID, Class_ID, Student_ID) values (50, 9, 93);
insert into Enrolled (Enrolled_ID, Class_ID, Student_ID) values (51, 13, 59);
insert into Enrolled (Enrolled_ID, Class_ID, Student_ID) values (52, 8, 80);
insert into Enrolled (Enrolled_ID, Class_ID, Student_ID) values (53, 16, 97);
insert into Enrolled (Enrolled_ID, Class_ID, Student_ID) values (54, 11, 39);
insert into Enrolled (Enrolled_ID, Class_ID, Student_ID) values (55, 7, 21);
insert into Enrolled (Enrolled_ID, Class_ID, Student_ID) values (56, 10, 52);
insert into Enrolled (Enrolled_ID, Class_ID, Student_ID) values (57, 1, 89);
insert into Enrolled (Enrolled_ID, Class_ID, Student_ID) values (58, 11, 75);
insert into Enrolled (Enrolled_ID, Class_ID, Student_ID) values (59, 13, 50);
insert into Enrolled (Enrolled_ID, Class_ID, Student_ID) values (60, 2, 90);
insert into Enrolled (Enrolled_ID, Class_ID, Student_ID) values (61, 3, 17);
insert into Enrolled (Enrolled_ID, Class_ID, Student_ID) values (62, 2, 50);
insert into Enrolled (Enrolled_ID, Class_ID, Student_ID) values (63, 10, 74);
insert into Enrolled (Enrolled_ID, Class_ID, Student_ID) values (64, 11, 93);
insert into Enrolled (Enrolled_ID, Class_ID, Student_ID) values (65, 14, 14);
insert into Enrolled (Enrolled_ID, Class_ID, Student_ID) values (66, 11, 57);
insert into Enrolled (Enrolled_ID, Class_ID, Student_ID) values (67, 4, 4);
insert into Enrolled (Enrolled_ID, Class_ID, Student_ID) values (68, 13, 92);
insert into Enrolled (Enrolled_ID, Class_ID, Student_ID) values (69, 20, 100);
insert into Enrolled (Enrolled_ID, Class_ID, Student_ID) values (70, 2, 54);
insert into Enrolled (Enrolled_ID, Class_ID, Student_ID) values (71, 6, 96);
insert into Enrolled (Enrolled_ID, Class_ID, Student_ID) values (72, 10, 36);
insert into Enrolled (Enrolled_ID, Class_ID, Student_ID) values (73, 18, 45);
insert into Enrolled (Enrolled_ID, Class_ID, Student_ID) values (74, 9, 8);
insert into Enrolled (Enrolled_ID, Class_ID, Student_ID) values (75, 16, 39);
insert into Enrolled (Enrolled_ID, Class_ID, Student_ID) values (76, 1, 82);
insert into Enrolled (Enrolled_ID, Class_ID, Student_ID) values (77, 14, 42);
insert into Enrolled (Enrolled_ID, Class_ID, Student_ID) values (78, 3, 23);
insert into Enrolled (Enrolled_ID, Class_ID, Student_ID) values (79, 11, 72);
insert into Enrolled (Enrolled_ID, Class_ID, Student_ID) values (80, 13, 75);
insert into Enrolled (Enrolled_ID, Class_ID, Student_ID) values (81, 20, 91);
insert into Enrolled (Enrolled_ID, Class_ID, Student_ID) values (82, 6, 40);
insert into Enrolled (Enrolled_ID, Class_ID, Student_ID) values (83, 20, 11);
insert into Enrolled (Enrolled_ID, Class_ID, Student_ID) values (84, 11, 21);
insert into Enrolled (Enrolled_ID, Class_ID, Student_ID) values (85, 3, 24);
insert into Enrolled (Enrolled_ID, Class_ID, Student_ID) values (86, 12, 71);
insert into Enrolled (Enrolled_ID, Class_ID, Student_ID) values (87, 2, 25);
insert into Enrolled (Enrolled_ID, Class_ID, Student_ID) values (88, 6, 19);
insert into Enrolled (Enrolled_ID, Class_ID, Student_ID) values (89, 19, 52);
insert into Enrolled (Enrolled_ID, Class_ID, Student_ID) values (90, 12, 95);
insert into Enrolled (Enrolled_ID, Class_ID, Student_ID) values (91, 9, 15);
insert into Enrolled (Enrolled_ID, Class_ID, Student_ID) values (92, 7, 22);
insert into Enrolled (Enrolled_ID, Class_ID, Student_ID) values (93, 3, 99);
insert into Enrolled (Enrolled_ID, Class_ID, Student_ID) values (94, 17, 56);
insert into Enrolled (Enrolled_ID, Class_ID, Student_ID) values (95, 20, 20);
insert into Enrolled (Enrolled_ID, Class_ID, Student_ID) values (96, 14, 41);
insert into Enrolled (Enrolled_ID, Class_ID, Student_ID) values (97, 6, 94);
insert into Enrolled (Enrolled_ID, Class_ID, Student_ID) values (98, 4, 36);
insert into Enrolled (Enrolled_ID, Class_ID, Student_ID) values (99, 4, 93);
insert into Enrolled (Enrolled_ID, Class_ID, Student_ID) values (100, 13, 6);
insert into Enrolled (Enrolled_ID, Class_ID, Student_ID) values (101, 15, 17);
insert into Enrolled (Enrolled_ID, Class_ID, Student_ID) values (102, 10, 30);
insert into Enrolled (Enrolled_ID, Class_ID, Student_ID) values (103, 12, 68);
insert into Enrolled (Enrolled_ID, Class_ID, Student_ID) values (104, 2, 32);
insert into Enrolled (Enrolled_ID, Class_ID, Student_ID) values (105, 6, 46);
insert into Enrolled (Enrolled_ID, Class_ID, Student_ID) values (106, 14, 29);
insert into Enrolled (Enrolled_ID, Class_ID, Student_ID) values (107, 2, 64);
insert into Enrolled (Enrolled_ID, Class_ID, Student_ID) values (108, 15, 25);
insert into Enrolled (Enrolled_ID, Class_ID, Student_ID) values (109, 3, 79);
insert into Enrolled (Enrolled_ID, Class_ID, Student_ID) values (110, 5, 25);
insert into Enrolled (Enrolled_ID, Class_ID, Student_ID) values (111, 8, 97);
insert into Enrolled (Enrolled_ID, Class_ID, Student_ID) values (112, 11, 63);
insert into Enrolled (Enrolled_ID, Class_ID, Student_ID) values (113, 12, 29);
insert into Enrolled (Enrolled_ID, Class_ID, Student_ID) values (114, 5, 84);
insert into Enrolled (Enrolled_ID, Class_ID, Student_ID) values (115, 4, 68);
insert into Enrolled (Enrolled_ID, Class_ID, Student_ID) values (116, 13, 82);
insert into Enrolled (Enrolled_ID, Class_ID, Student_ID) values (117, 17, 45);
insert into Enrolled (Enrolled_ID, Class_ID, Student_ID) values (118, 7, 77);
insert into Enrolled (Enrolled_ID, Class_ID, Student_ID) values (119, 1, 88);
insert into Enrolled (Enrolled_ID, Class_ID, Student_ID) values (120, 10, 28);
insert into Enrolled (Enrolled_ID, Class_ID, Student_ID) values (121, 4, 61);
insert into Enrolled (Enrolled_ID, Class_ID, Student_ID) values (122, 19, 71);
insert into Enrolled (Enrolled_ID, Class_ID, Student_ID) values (123, 10, 66);
insert into Enrolled (Enrolled_ID, Class_ID, Student_ID) values (124, 10, 58);
insert into Enrolled (Enrolled_ID, Class_ID, Student_ID) values (125, 5, 68);
insert into Enrolled (Enrolled_ID, Class_ID, Student_ID) values (126, 1, 2);
insert into Enrolled (Enrolled_ID, Class_ID, Student_ID) values (127, 14, 34);
insert into Enrolled (Enrolled_ID, Class_ID, Student_ID) values (128, 8, 98);
insert into Enrolled (Enrolled_ID, Class_ID, Student_ID) values (129, 12, 35);
insert into Enrolled (Enrolled_ID, Class_ID, Student_ID) values (130, 1, 44);
insert into Enrolled (Enrolled_ID, Class_ID, Student_ID) values (131, 10, 73);
insert into Enrolled (Enrolled_ID, Class_ID, Student_ID) values (132, 14, 81);
insert into Enrolled (Enrolled_ID, Class_ID, Student_ID) values (133, 16, 8);
insert into Enrolled (Enrolled_ID, Class_ID, Student_ID) values (134, 16, 37);
insert into Enrolled (Enrolled_ID, Class_ID, Student_ID) values (135, 13, 86);
insert into Enrolled (Enrolled_ID, Class_ID, Student_ID) values (136, 12, 63);
insert into Enrolled (Enrolled_ID, Class_ID, Student_ID) values (137, 8, 43);
insert into Enrolled (Enrolled_ID, Class_ID, Student_ID) values (138, 14, 69);
insert into Enrolled (Enrolled_ID, Class_ID, Student_ID) values (139, 18, 21);
insert into Enrolled (Enrolled_ID, Class_ID, Student_ID) values (140, 2, 64);
insert into Enrolled (Enrolled_ID, Class_ID, Student_ID) values (141, 13, 86);
insert into Enrolled (Enrolled_ID, Class_ID, Student_ID) values (142, 12, 88);
insert into Enrolled (Enrolled_ID, Class_ID, Student_ID) values (143, 3, 83);
insert into Enrolled (Enrolled_ID, Class_ID, Student_ID) values (144, 12, 92);
insert into Enrolled (Enrolled_ID, Class_ID, Student_ID) values (145, 15, 77);
insert into Enrolled (Enrolled_ID, Class_ID, Student_ID) values (146, 2, 77);
insert into Enrolled (Enrolled_ID, Class_ID, Student_ID) values (147, 19, 79);
insert into Enrolled (Enrolled_ID, Class_ID, Student_ID) values (148, 4, 28);
insert into Enrolled (Enrolled_ID, Class_ID, Student_ID) values (149, 10, 9);
insert into Enrolled (Enrolled_ID, Class_ID, Student_ID) values (150, 3, 25);
insert into Enrolled (Enrolled_ID, Class_ID, Student_ID) values (151, 3, 46);
insert into Enrolled (Enrolled_ID, Class_ID, Student_ID) values (152, 14, 19);
insert into Enrolled (Enrolled_ID, Class_ID, Student_ID) values (153, 16, 4);
insert into Enrolled (Enrolled_ID, Class_ID, Student_ID) values (154, 19, 8);
insert into Enrolled (Enrolled_ID, Class_ID, Student_ID) values (155, 18, 8);
insert into Enrolled (Enrolled_ID, Class_ID, Student_ID) values (156, 15, 18);
insert into Enrolled (Enrolled_ID, Class_ID, Student_ID) values (157, 16, 60);
insert into Enrolled (Enrolled_ID, Class_ID, Student_ID) values (158, 15, 57);
insert into Enrolled (Enrolled_ID, Class_ID, Student_ID) values (159, 9, 96);
insert into Enrolled (Enrolled_ID, Class_ID, Student_ID) values (160, 5, 19);
insert into Enrolled (Enrolled_ID, Class_ID, Student_ID) values (161, 19, 1);
insert into Enrolled (Enrolled_ID, Class_ID, Student_ID) values (162, 3, 55);
insert into Enrolled (Enrolled_ID, Class_ID, Student_ID) values (163, 5, 18);
insert into Enrolled (Enrolled_ID, Class_ID, Student_ID) values (164, 13, 13);
insert into Enrolled (Enrolled_ID, Class_ID, Student_ID) values (165, 10, 65);
insert into Enrolled (Enrolled_ID, Class_ID, Student_ID) values (166, 3, 14);
insert into Enrolled (Enrolled_ID, Class_ID, Student_ID) values (167, 6, 74);
insert into Enrolled (Enrolled_ID, Class_ID, Student_ID) values (168, 1, 77);
insert into Enrolled (Enrolled_ID, Class_ID, Student_ID) values (169, 10, 62);
insert into Enrolled (Enrolled_ID, Class_ID, Student_ID) values (170, 16, 48);
insert into Enrolled (Enrolled_ID, Class_ID, Student_ID) values (171, 13, 55);
insert into Enrolled (Enrolled_ID, Class_ID, Student_ID) values (172, 2, 85);
insert into Enrolled (Enrolled_ID, Class_ID, Student_ID) values (173, 20, 12);
insert into Enrolled (Enrolled_ID, Class_ID, Student_ID) values (174, 14, 20);
insert into Enrolled (Enrolled_ID, Class_ID, Student_ID) values (175, 15, 32);
insert into Enrolled (Enrolled_ID, Class_ID, Student_ID) values (176, 19, 11);
insert into Enrolled (Enrolled_ID, Class_ID, Student_ID) values (177, 20, 84);
insert into Enrolled (Enrolled_ID, Class_ID, Student_ID) values (178, 8, 55);
insert into Enrolled (Enrolled_ID, Class_ID, Student_ID) values (179, 14, 15);
insert into Enrolled (Enrolled_ID, Class_ID, Student_ID) values (180, 2, 13);
insert into Enrolled (Enrolled_ID, Class_ID, Student_ID) values (181, 18, 66);
insert into Enrolled (Enrolled_ID, Class_ID, Student_ID) values (182, 2, 15);
insert into Enrolled (Enrolled_ID, Class_ID, Student_ID) values (183, 15, 85);
insert into Enrolled (Enrolled_ID, Class_ID, Student_ID) values (184, 8, 83);
insert into Enrolled (Enrolled_ID, Class_ID, Student_ID) values (185, 19, 82);
insert into Enrolled (Enrolled_ID, Class_ID, Student_ID) values (186, 12, 66);
insert into Enrolled (Enrolled_ID, Class_ID, Student_ID) values (187, 16, 86);
insert into Enrolled (Enrolled_ID, Class_ID, Student_ID) values (188, 11, 71);
insert into Enrolled (Enrolled_ID, Class_ID, Student_ID) values (189, 10, 97);
insert into Enrolled (Enrolled_ID, Class_ID, Student_ID) values (190, 8, 27);
insert into Enrolled (Enrolled_ID, Class_ID, Student_ID) values (191, 1, 43);
insert into Enrolled (Enrolled_ID, Class_ID, Student_ID) values (192, 9, 20);
insert into Enrolled (Enrolled_ID, Class_ID, Student_ID) values (193, 2, 52);
insert into Enrolled (Enrolled_ID, Class_ID, Student_ID) values (194, 2, 97);
insert into Enrolled (Enrolled_ID, Class_ID, Student_ID) values (195, 9, 30);
insert into Enrolled (Enrolled_ID, Class_ID, Student_ID) values (196, 3, 11);
insert into Enrolled (Enrolled_ID, Class_ID, Student_ID) values (197, 2, 21);
insert into Enrolled (Enrolled_ID, Class_ID, Student_ID) values (198, 19, 32);
insert into Enrolled (Enrolled_ID, Class_ID, Student_ID) values (199, 12, 15);
insert into Enrolled (Enrolled_ID, Class_ID, Student_ID) values (200, 14, 69);
insert into Enrolled (Enrolled_ID, Class_ID, Student_ID) values (201, 2, 49);
insert into Enrolled (Enrolled_ID, Class_ID, Student_ID) values (202, 15, 78);
insert into Enrolled (Enrolled_ID, Class_ID, Student_ID) values (203, 6, 1);
insert into Enrolled (Enrolled_ID, Class_ID, Student_ID) values (204, 9, 25);
insert into Enrolled (Enrolled_ID, Class_ID, Student_ID) values (205, 14, 94);
insert into Enrolled (Enrolled_ID, Class_ID, Student_ID) values (206, 18, 99);
insert into Enrolled (Enrolled_ID, Class_ID, Student_ID) values (207, 1, 71);
insert into Enrolled (Enrolled_ID, Class_ID, Student_ID) values (208, 15, 34);
insert into Enrolled (Enrolled_ID, Class_ID, Student_ID) values (209, 13, 51);
insert into Enrolled (Enrolled_ID, Class_ID, Student_ID) values (210, 10, 18);
insert into Enrolled (Enrolled_ID, Class_ID, Student_ID) values (211, 13, 16);
insert into Enrolled (Enrolled_ID, Class_ID, Student_ID) values (212, 12, 87);
insert into Enrolled (Enrolled_ID, Class_ID, Student_ID) values (213, 6, 54);
insert into Enrolled (Enrolled_ID, Class_ID, Student_ID) values (214, 10, 9);
insert into Enrolled (Enrolled_ID, Class_ID, Student_ID) values (215, 14, 35);
insert into Enrolled (Enrolled_ID, Class_ID, Student_ID) values (216, 17, 44);
insert into Enrolled (Enrolled_ID, Class_ID, Student_ID) values (217, 19, 75);
insert into Enrolled (Enrolled_ID, Class_ID, Student_ID) values (218, 11, 29);
insert into Enrolled (Enrolled_ID, Class_ID, Student_ID) values (219, 2, 99);
insert into Enrolled (Enrolled_ID, Class_ID, Student_ID) values (220, 1, 33);
insert into Enrolled (Enrolled_ID, Class_ID, Student_ID) values (221, 4, 30);
insert into Enrolled (Enrolled_ID, Class_ID, Student_ID) values (222, 15, 93);
insert into Enrolled (Enrolled_ID, Class_ID, Student_ID) values (223, 7, 75);
insert into Enrolled (Enrolled_ID, Class_ID, Student_ID) values (224, 9, 26);
insert into Enrolled (Enrolled_ID, Class_ID, Student_ID) values (225, 10, 96);
insert into Enrolled (Enrolled_ID, Class_ID, Student_ID) values (226, 10, 97);
insert into Enrolled (Enrolled_ID, Class_ID, Student_ID) values (227, 10, 27);
insert into Enrolled (Enrolled_ID, Class_ID, Student_ID) values (228, 14, 94);
insert into Enrolled (Enrolled_ID, Class_ID, Student_ID) values (229, 12, 20);
insert into Enrolled (Enrolled_ID, Class_ID, Student_ID) values (230, 4, 50);
insert into Enrolled (Enrolled_ID, Class_ID, Student_ID) values (231, 17, 91);
insert into Enrolled (Enrolled_ID, Class_ID, Student_ID) values (232, 13, 75);
insert into Enrolled (Enrolled_ID, Class_ID, Student_ID) values (233, 19, 77);
insert into Enrolled (Enrolled_ID, Class_ID, Student_ID) values (234, 20, 98);
insert into Enrolled (Enrolled_ID, Class_ID, Student_ID) values (235, 9, 71);
insert into Enrolled (Enrolled_ID, Class_ID, Student_ID) values (236, 2, 73);
insert into Enrolled (Enrolled_ID, Class_ID, Student_ID) values (237, 13, 9);
insert into Enrolled (Enrolled_ID, Class_ID, Student_ID) values (238, 4, 39);
insert into Enrolled (Enrolled_ID, Class_ID, Student_ID) values (239, 15, 24);
insert into Enrolled (Enrolled_ID, Class_ID, Student_ID) values (240, 19, 31);
insert into Enrolled (Enrolled_ID, Class_ID, Student_ID) values (241, 20, 9);
insert into Enrolled (Enrolled_ID, Class_ID, Student_ID) values (242, 4, 30);
insert into Enrolled (Enrolled_ID, Class_ID, Student_ID) values (243, 19, 52);
insert into Enrolled (Enrolled_ID, Class_ID, Student_ID) values (244, 18, 77);
insert into Enrolled (Enrolled_ID, Class_ID, Student_ID) values (245, 17, 41);
insert into Enrolled (Enrolled_ID, Class_ID, Student_ID) values (246, 19, 5);
insert into Enrolled (Enrolled_ID, Class_ID, Student_ID) values (247, 18, 11);
insert into Enrolled (Enrolled_ID, Class_ID, Student_ID) values (248, 3, 31);
insert into Enrolled (Enrolled_ID, Class_ID, Student_ID) values (249, 1, 84);
insert into Enrolled (Enrolled_ID, Class_ID, Student_ID) values (250, 6, 31);
insert into Enrolled (Enrolled_ID, Class_ID, Student_ID) values (251, 11, 23);
insert into Enrolled (Enrolled_ID, Class_ID, Student_ID) values (252, 12, 42);
insert into Enrolled (Enrolled_ID, Class_ID, Student_ID) values (253, 20, 81);
insert into Enrolled (Enrolled_ID, Class_ID, Student_ID) values (254, 13, 21);
insert into Enrolled (Enrolled_ID, Class_ID, Student_ID) values (255, 14, 62);
insert into Enrolled (Enrolled_ID, Class_ID, Student_ID) values (256, 10, 40);
insert into Enrolled (Enrolled_ID, Class_ID, Student_ID) values (257, 2, 35);
insert into Enrolled (Enrolled_ID, Class_ID, Student_ID) values (258, 15, 90);
insert into Enrolled (Enrolled_ID, Class_ID, Student_ID) values (259, 10, 36);
insert into Enrolled (Enrolled_ID, Class_ID, Student_ID) values (260, 14, 33);
insert into Enrolled (Enrolled_ID, Class_ID, Student_ID) values (261, 15, 99);
insert into Enrolled (Enrolled_ID, Class_ID, Student_ID) values (262, 15, 6);
insert into Enrolled (Enrolled_ID, Class_ID, Student_ID) values (263, 16, 11);
insert into Enrolled (Enrolled_ID, Class_ID, Student_ID) values (264, 10, 64);
insert into Enrolled (Enrolled_ID, Class_ID, Student_ID) values (265, 15, 70);
insert into Enrolled (Enrolled_ID, Class_ID, Student_ID) values (266, 8, 77);
insert into Enrolled (Enrolled_ID, Class_ID, Student_ID) values (267, 9, 33);
insert into Enrolled (Enrolled_ID, Class_ID, Student_ID) values (268, 7, 55);
insert into Enrolled (Enrolled_ID, Class_ID, Student_ID) values (269, 6, 65);
insert into Enrolled (Enrolled_ID, Class_ID, Student_ID) values (270, 6, 86);
insert into Enrolled (Enrolled_ID, Class_ID, Student_ID) values (271, 7, 16);
insert into Enrolled (Enrolled_ID, Class_ID, Student_ID) values (272, 6, 33);
insert into Enrolled (Enrolled_ID, Class_ID, Student_ID) values (273, 8, 24);
insert into Enrolled (Enrolled_ID, Class_ID, Student_ID) values (274, 2, 6);
insert into Enrolled (Enrolled_ID, Class_ID, Student_ID) values (275, 20, 14);
insert into Enrolled (Enrolled_ID, Class_ID, Student_ID) values (276, 8, 36);
insert into Enrolled (Enrolled_ID, Class_ID, Student_ID) values (277, 2, 92);
insert into Enrolled (Enrolled_ID, Class_ID, Student_ID) values (278, 10, 83);
insert into Enrolled (Enrolled_ID, Class_ID, Student_ID) values (279, 15, 93);
insert into Enrolled (Enrolled_ID, Class_ID, Student_ID) values (280, 12, 19);
insert into Enrolled (Enrolled_ID, Class_ID, Student_ID) values (281, 11, 31);
insert into Enrolled (Enrolled_ID, Class_ID, Student_ID) values (282, 3, 96);
insert into Enrolled (Enrolled_ID, Class_ID, Student_ID) values (283, 14, 73);
insert into Enrolled (Enrolled_ID, Class_ID, Student_ID) values (284, 11, 59);
insert into Enrolled (Enrolled_ID, Class_ID, Student_ID) values (285, 4, 95);
insert into Enrolled (Enrolled_ID, Class_ID, Student_ID) values (286, 20, 55);
insert into Enrolled (Enrolled_ID, Class_ID, Student_ID) values (287, 16, 85);
insert into Enrolled (Enrolled_ID, Class_ID, Student_ID) values (288, 11, 38);
insert into Enrolled (Enrolled_ID, Class_ID, Student_ID) values (289, 12, 13);
insert into Enrolled (Enrolled_ID, Class_ID, Student_ID) values (290, 18, 80);
insert into Enrolled (Enrolled_ID, Class_ID, Student_ID) values (291, 15, 38);
insert into Enrolled (Enrolled_ID, Class_ID, Student_ID) values (292, 12, 96);
insert into Enrolled (Enrolled_ID, Class_ID, Student_ID) values (293, 12, 96);
insert into Enrolled (Enrolled_ID, Class_ID, Student_ID) values (294, 12, 58);
insert into Enrolled (Enrolled_ID, Class_ID, Student_ID) values (295, 11, 17);
insert into Enrolled (Enrolled_ID, Class_ID, Student_ID) values (296, 19, 11);
insert into Enrolled (Enrolled_ID, Class_ID, Student_ID) values (297, 14, 65);
insert into Enrolled (Enrolled_ID, Class_ID, Student_ID) values (298, 14, 87);
insert into Enrolled (Enrolled_ID, Class_ID, Student_ID) values (299, 17, 39);
insert into Enrolled (Enrolled_ID, Class_ID, Student_ID) values (300, 9, 73);
insert into Enrolled (Enrolled_ID, Class_ID, Student_ID) values (301, 12, 58);
insert into Enrolled (Enrolled_ID, Class_ID, Student_ID) values (302, 5, 41);
insert into Enrolled (Enrolled_ID, Class_ID, Student_ID) values (303, 2, 12);
insert into Enrolled (Enrolled_ID, Class_ID, Student_ID) values (304, 19, 47);
insert into Enrolled (Enrolled_ID, Class_ID, Student_ID) values (305, 7, 77);
insert into Enrolled (Enrolled_ID, Class_ID, Student_ID) values (306, 19, 50);
insert into Enrolled (Enrolled_ID, Class_ID, Student_ID) values (307, 6, 40);
insert into Enrolled (Enrolled_ID, Class_ID, Student_ID) values (308, 18, 91);
insert into Enrolled (Enrolled_ID, Class_ID, Student_ID) values (309, 11, 48);
insert into Enrolled (Enrolled_ID, Class_ID, Student_ID) values (310, 2, 78);
insert into Enrolled (Enrolled_ID, Class_ID, Student_ID) values (311, 9, 71);
insert into Enrolled (Enrolled_ID, Class_ID, Student_ID) values (312, 3, 17);
insert into Enrolled (Enrolled_ID, Class_ID, Student_ID) values (313, 1, 12);
insert into Enrolled (Enrolled_ID, Class_ID, Student_ID) values (314, 13, 56);
insert into Enrolled (Enrolled_ID, Class_ID, Student_ID) values (315, 9, 68);
insert into Enrolled (Enrolled_ID, Class_ID, Student_ID) values (316, 15, 62);
insert into Enrolled (Enrolled_ID, Class_ID, Student_ID) values (317, 3, 59);
insert into Enrolled (Enrolled_ID, Class_ID, Student_ID) values (318, 3, 75);
insert into Enrolled (Enrolled_ID, Class_ID, Student_ID) values (319, 14, 15);
insert into Enrolled (Enrolled_ID, Class_ID, Student_ID) values (320, 18, 53);
insert into Enrolled (Enrolled_ID, Class_ID, Student_ID) values (321, 14, 4);
insert into Enrolled (Enrolled_ID, Class_ID, Student_ID) values (322, 13, 48);
insert into Enrolled (Enrolled_ID, Class_ID, Student_ID) values (323, 15, 43);
insert into Enrolled (Enrolled_ID, Class_ID, Student_ID) values (324, 10, 8);
insert into Enrolled (Enrolled_ID, Class_ID, Student_ID) values (325, 6, 72);
insert into Enrolled (Enrolled_ID, Class_ID, Student_ID) values (326, 18, 44);
insert into Enrolled (Enrolled_ID, Class_ID, Student_ID) values (327, 19, 48);
insert into Enrolled (Enrolled_ID, Class_ID, Student_ID) values (328, 8, 14);
insert into Enrolled (Enrolled_ID, Class_ID, Student_ID) values (329, 19, 49);
insert into Enrolled (Enrolled_ID, Class_ID, Student_ID) values (330, 1, 40);
insert into Enrolled (Enrolled_ID, Class_ID, Student_ID) values (331, 14, 82);
insert into Enrolled (Enrolled_ID, Class_ID, Student_ID) values (332, 4, 18);
insert into Enrolled (Enrolled_ID, Class_ID, Student_ID) values (333, 3, 33);
insert into Enrolled (Enrolled_ID, Class_ID, Student_ID) values (334, 11, 76);
insert into Enrolled (Enrolled_ID, Class_ID, Student_ID) values (335, 1, 43);
insert into Enrolled (Enrolled_ID, Class_ID, Student_ID) values (336, 4, 78);
insert into Enrolled (Enrolled_ID, Class_ID, Student_ID) values (337, 20, 53);
insert into Enrolled (Enrolled_ID, Class_ID, Student_ID) values (338, 7, 23);
insert into Enrolled (Enrolled_ID, Class_ID, Student_ID) values (339, 13, 30);
insert into Enrolled (Enrolled_ID, Class_ID, Student_ID) values (340, 6, 100);
insert into Enrolled (Enrolled_ID, Class_ID, Student_ID) values (341, 7, 3);
insert into Enrolled (Enrolled_ID, Class_ID, Student_ID) values (342, 20, 31);
insert into Enrolled (Enrolled_ID, Class_ID, Student_ID) values (343, 19, 74);
insert into Enrolled (Enrolled_ID, Class_ID, Student_ID) values (344, 8, 82);
insert into Enrolled (Enrolled_ID, Class_ID, Student_ID) values (345, 13, 56);
insert into Enrolled (Enrolled_ID, Class_ID, Student_ID) values (346, 4, 47);
insert into Enrolled (Enrolled_ID, Class_ID, Student_ID) values (347, 3, 3);
insert into Enrolled (Enrolled_ID, Class_ID, Student_ID) values (348, 12, 13);
insert into Enrolled (Enrolled_ID, Class_ID, Student_ID) values (349, 19, 27);
insert into Enrolled (Enrolled_ID, Class_ID, Student_ID) values (350, 3, 38);
insert into Enrolled (Enrolled_ID, Class_ID, Student_ID) values (351, 5, 22);
insert into Enrolled (Enrolled_ID, Class_ID, Student_ID) values (352, 13, 86);
insert into Enrolled (Enrolled_ID, Class_ID, Student_ID) values (353, 3, 24);
insert into Enrolled (Enrolled_ID, Class_ID, Student_ID) values (354, 13, 36);
insert into Enrolled (Enrolled_ID, Class_ID, Student_ID) values (355, 1, 79);
insert into Enrolled (Enrolled_ID, Class_ID, Student_ID) values (356, 12, 78);
insert into Enrolled (Enrolled_ID, Class_ID, Student_ID) values (357, 15, 2);
insert into Enrolled (Enrolled_ID, Class_ID, Student_ID) values (358, 10, 17);
insert into Enrolled (Enrolled_ID, Class_ID, Student_ID) values (359, 11, 15);
insert into Enrolled (Enrolled_ID, Class_ID, Student_ID) values (360, 16, 37);
insert into Enrolled (Enrolled_ID, Class_ID, Student_ID) values (361, 2, 48);
insert into Enrolled (Enrolled_ID, Class_ID, Student_ID) values (362, 8, 64);
insert into Enrolled (Enrolled_ID, Class_ID, Student_ID) values (363, 18, 93);
insert into Enrolled (Enrolled_ID, Class_ID, Student_ID) values (364, 6, 62);
insert into Enrolled (Enrolled_ID, Class_ID, Student_ID) values (365, 20, 44);
insert into Enrolled (Enrolled_ID, Class_ID, Student_ID) values (366, 17, 27);
insert into Enrolled (Enrolled_ID, Class_ID, Student_ID) values (367, 18, 74);
insert into Enrolled (Enrolled_ID, Class_ID, Student_ID) values (368, 20, 34);
insert into Enrolled (Enrolled_ID, Class_ID, Student_ID) values (369, 8, 77);
insert into Enrolled (Enrolled_ID, Class_ID, Student_ID) values (370, 14, 93);
insert into Enrolled (Enrolled_ID, Class_ID, Student_ID) values (371, 2, 66);
insert into Enrolled (Enrolled_ID, Class_ID, Student_ID) values (372, 16, 31);
insert into Enrolled (Enrolled_ID, Class_ID, Student_ID) values (373, 5, 91);
insert into Enrolled (Enrolled_ID, Class_ID, Student_ID) values (374, 2, 72);
insert into Enrolled (Enrolled_ID, Class_ID, Student_ID) values (375, 11, 72);
insert into Enrolled (Enrolled_ID, Class_ID, Student_ID) values (376, 4, 67);
insert into Enrolled (Enrolled_ID, Class_ID, Student_ID) values (377, 20, 7);
insert into Enrolled (Enrolled_ID, Class_ID, Student_ID) values (378, 13, 10);
insert into Enrolled (Enrolled_ID, Class_ID, Student_ID) values (379, 4, 17);
insert into Enrolled (Enrolled_ID, Class_ID, Student_ID) values (380, 19, 16);
insert into Enrolled (Enrolled_ID, Class_ID, Student_ID) values (381, 16, 16);
insert into Enrolled (Enrolled_ID, Class_ID, Student_ID) values (382, 17, 32);
insert into Enrolled (Enrolled_ID, Class_ID, Student_ID) values (383, 6, 52);
insert into Enrolled (Enrolled_ID, Class_ID, Student_ID) values (384, 20, 75);
insert into Enrolled (Enrolled_ID, Class_ID, Student_ID) values (385, 18, 91);
insert into Enrolled (Enrolled_ID, Class_ID, Student_ID) values (386, 2, 65);
insert into Enrolled (Enrolled_ID, Class_ID, Student_ID) values (387, 17, 7);
insert into Enrolled (Enrolled_ID, Class_ID, Student_ID) values (388, 4, 52);
insert into Enrolled (Enrolled_ID, Class_ID, Student_ID) values (389, 6, 48);
insert into Enrolled (Enrolled_ID, Class_ID, Student_ID) values (390, 19, 65);
insert into Enrolled (Enrolled_ID, Class_ID, Student_ID) values (391, 7, 94);
insert into Enrolled (Enrolled_ID, Class_ID, Student_ID) values (392, 15, 60);
insert into Enrolled (Enrolled_ID, Class_ID, Student_ID) values (393, 4, 67);
insert into Enrolled (Enrolled_ID, Class_ID, Student_ID) values (394, 10, 73);
insert into Enrolled (Enrolled_ID, Class_ID, Student_ID) values (395, 2, 2);
insert into Enrolled (Enrolled_ID, Class_ID, Student_ID) values (396, 7, 44);
insert into Enrolled (Enrolled_ID, Class_ID, Student_ID) values (397, 19, 63);
insert into Enrolled (Enrolled_ID, Class_ID, Student_ID) values (398, 1, 96);
insert into Enrolled (Enrolled_ID, Class_ID, Student_ID) values (399, 15, 1);
insert into Enrolled (Enrolled_ID, Class_ID, Student_ID) values (400, 11, 42);
call Final.grade(21, 'Midterm 2', 'aubreybohn', '79');
call Final.grade(21, 'Midterm 1', 'aubreybohn', 88);
call Final.grade(21, 'Assignment 4', 'aubreybohn', 75);
call Final.grade(21, 'Assignment 3', 'aubreybohn', 100);
call Final.grade(21, 'Assignment 2', 'aubreybohn', 77);
call Final.grade(21, 'Assignment 1', 'aubreybohn', 98);

